Code,Description,Sub-Description,,,Units,2001-02,2002-03,2003-04,2004-05,2005-06,2006,2007,2008,2009,2010,2011,2012,RSE indicator(a),% change since 2009,sig(b),trend since 2009(c)
cat520,Milk and milk products excluding cheese, ,,,ml,"1,963","2,122","2,034","2,126","2,112","2,079","2,106","2,115","2,261","1,940","2,178","2,043",ŸŸ,-10,,
4006,Milk and milk products excluding cheese,"Liquid wholemilk, including school and welfare",,,ml,655,663,610,503,474,566,515,510,457,322,381,267,,-41,yes,
501,Milk and milk products excluding cheese,"Liquid wholemilk, including school and welfare",School milk (d),,ml,,,,,,,,,,,,,,,,
601,Milk and milk products excluding cheese,"Liquid wholemilk, including school and welfare",Welfare milk(i),,ml,13,27,40,20,5,17,12,6,4,,,,,,,
4,Milk and milk products excluding cheese,"Liquid wholemilk, including school and welfare","Liquid wholemilk, full price",,ml,642,636,571,483,470,548,503,503,452,322,381,267,,-41,yes,
402,Milk and milk products excluding cheese,"Liquid wholemilk, including school and welfare",,UHT milk,ml,0,4,22,32,5,7,10,36,14,10,0,0,ž,-100,,
403,Milk and milk products excluding cheese,"Liquid wholemilk, including school and welfare",,Sterilised,ml,14,11,0,0,0,0,0,0,0,0,0,0,ž, , , 
404,Milk and milk products excluding cheese,"Liquid wholemilk, including school and welfare",,Pasteurised/ homogenised,ml,628,621,549,451,465,541,494,467,438,312,381,267,,-39,yes,
9017,Milk and milk products excluding cheese,Other milk and cream,,,ml,"1,308","1,458","1,424","1,623","1,638","1,514","1,591","1,605","1,804","1,618","1,797","1,776",Ÿ,-2,,
15,Milk and milk products excluding cheese,Other milk and cream,Skimmed milks,,ml,"1,002","1,151","1,095","1,290","1,317","1,208","1,193","1,140","1,317","1,224","1,394","1,363",Ÿ,+4,,
1502,Milk and milk products excluding cheese,Other milk and cream,,Fully skimmed milk,ml,196,189,141,167,178,146,181,177,199,168,145,184,ž,-8,,
1503,Milk and milk products excluding cheese,Other milk and cream,,Semi-skimmed milk,ml,806,962,954,"1,123","1,139","1,062","1,012",963,"1,117","1,057","1,249","1,179",Ÿ,+5,,
901,Milk and milk products excluding cheese,Other milk and cream,Condensed or evaporated milk,,eq ml,18,20,18,15,21,15,20,17,14,15,14,17,ž,+20,,
11,Milk and milk products excluding cheese,Other milk and cream,Infant milks,,eq ml,35,16,39,49,12,11,38,75,162,79,75,62,ž,-61,,
1102,Milk and milk products excluding cheese,Other milk and cream,,Infant or baby milks - ready to drink,eq ml,0,0,2,1,0,0,10,2,1,2,13,4,ž,+268,,
1103,Milk and milk products excluding cheese,Other milk and cream,,Infant or baby milks - dried,eq ml,35,16,38,48,12,11,28,73,161,77,61,59,ž,-63,,
1201,Milk and milk products excluding cheese,Other milk and cream,Instant dried milk,,eq ml,13,23,5,13,17,11,7,12,19,8,18,0,ž,-100,yes,
13,Milk and milk products excluding cheese,Other milk and cream,Yoghurt and fromage frais,,ml,150,146,148,163,170,169,192,234,183,170,193,190,Ÿ,+4,,
1301,Milk and milk products excluding cheese,Other milk and cream,,Yoghurt,ml,134,129,131,147,150,153,168,214,167,147,170,170,Ÿ,+2,,
1302,Milk and milk products excluding cheese,Other milk and cream,,Fromage frais,ml,16,17,16,17,20,16,24,20,16,23,23,20,ž,+21,,
16,Milk and milk products excluding cheese,Other milk and cream,Other milks and dairy desserts,,ml,74,84,102,76,84,87,122,110,88,100,88,124,,+41,,
1603,Milk and milk products excluding cheese,Other milk and cream,,Dairy desserts - not frozen,ml,45,49,48,45,46,44,56,48,51,48,43,48,,-7,,
1605,Milk and milk products excluding cheese,Other milk and cream,,Dried milk products,ml,6,14,20,0,0,0,0,0,0,0,0,0,ž, , , 
1607,Milk and milk products excluding cheese,Other milk and cream,,Milk drinks and other milks (e),ml,27,24,37,15,20,21,24,19,18,27,28,42,ž,+138,,
1608,Milk and milk products excluding cheese,Other milk and cream,,Non-dairy milk substitutes (e),ml,,,,16,18,22,42,42,19,25,17,34,ž,+82,,
1701,Milk and milk products excluding cheese,Other milk and cream,Cream,,ml,15,18,17,17,17,13,19,17,21,21,16,20,,-5,,
22023,Cheese, ,,,g,106,100,106,90,123,112,122,124,116,111,113,107,Ÿ,-8,,
22,Cheese,Natural cheese,,,g,94,90,93,80,111,99,109,109,107,97,106,95,Ÿ,-11,,
2201,Cheese,Natural cheese,Hard cheese - cheddar type,,g,67,64,64,52,71,65,71,83,74,69,77,63,Ÿ,-15,,
2202,Cheese,Natural cheese,Hard cheese - other uk or foreign equivalent,,g,9,8,8,10,11,9,10,6,9,2,7,8,ž,-7,,
2203,Cheese,Natural cheese,Hard cheese - edam or other foreign,,g,4,6,4,5,7,6,7,5,6,8,6,7,,+15,,
2205,Cheese,Natural cheese,Cottage cheese,,g,8,6,8,5,10,6,4,4,6,4,3,4,ž,-32,,
2206,Cheese,Natural cheese,Soft natural cheese,,g,6,6,8,8,12,12,17,11,12,14,14,12,,+7,,
2301,Cheese,Processed cheese,,,g,12,10,14,10,12,13,14,15,9,13,7,11,,+23,,
31041,Carcase meat, ,,,g,230,222,228,277,222,230,226,291,200,181,241,195,Ÿ,-3,,
31,Carcase meat,Beef and veal,,,g,111,102,123,117,124,121,113,159,108,90,125,87,Ÿ,-20,,
3102,Carcase meat,Beef and veal,Beef joints - on the bone,,g,1,4,2,1,3,4,0,1,1,0,0,0,ž,-100,,
3103,Carcase meat,Beef and veal,Beef joints - boned,,g,40,19,36,32,39,29,36,37,33,13,36,22,ž,-33,,
3104,Carcase meat,Beef and veal,Beef steak - less expensive,,g,12,12,22,17,16,20,11,28,19,15,20,14,ž,-26,,
3105,Carcase meat,Beef and veal,Beef steak - more expensive,,g,25,28,23,26,28,27,29,31,13,25,12,13,,+7,,
3106,Carcase meat,Beef and veal,Minced beef,,g,29,37,38,38,37,42,37,60,42,34,57,37,,-11,,
3107,Carcase meat,Beef and veal,All other beef and veal,,g,4,2,2,2,1,0,1,4,0,2,0,0,ž,-100,,
36,Carcase meat,Mutton and lamb,,,g,58,59,54,103,40,61,43,57,29,43,40,48,,+62,,
3601,Carcase meat,Mutton and lamb,Mutton,,g,0,3,0,2,0,0,0,0,0,0,0,0,ž, , , 
3602,Carcase meat,Mutton and lamb,Lamb joints,,g,33,32,23,83,23,36,28,34,19,26,25,31,ž,+64,,
3603,Carcase meat,Mutton and lamb,Lamb chops,,g,19,19,22,14,15,19,12,18,8,10,13,12,ž,+56,,
3604,Carcase meat,Mutton and lamb,All other lamb,,g,6,5,8,5,2,6,3,5,3,6,2,5,ž,+68,,
41,Carcase meat,Pork,,,g,61,61,52,57,59,47,71,74,62,48,76,60,,-4,,
4101,Carcase meat,Pork,Pork joints,,g,17,22,8,19,15,20,35,25,24,17,17,19,ž,-18,,
4102,Carcase meat,Pork,Pork chops,,g,27,19,17,25,19,12,13,18,12,11,20,10,ž,-16,,
4103,Carcase meat,Pork,Pork fillets and steaks,,g,14,14,15,6,11,10,14,19,11,8,19,21,,+83,yes,k
4104,Carcase meat,Pork,All other pork,,g,3,6,11,7,14,5,8,12,16,12,19,10,ž,-37,,
46095,Non-carcase meat and meat products, ,,,g,991,848,900,906,942,823,900,898,879,863,"1,030",884,ŸŸ,+1,,
46,Non-carcase meat and meat products,Liver,,,g,2,2,7,6,8,4,4,2,5,3,11,2,ž,-66,,
4603,Non-carcase meat and meat products,Liver,Ox liver,,g,0,0,4,0,4,0,0,0,0,0,0,0,ž,-100,,
4604,Non-carcase meat and meat products,Liver,Lambs liver,,g,2,1,1,5,3,2,3,2,4,3,7,1,ž,-69,,
4605,Non-carcase meat and meat products,Liver,Pigs liver,,g,0,0,1,1,1,1,1,0,1,0,0,0,ž,-68,,
4607,Non-carcase meat and meat products,Liver,All other liver,,g,0,0,0,0,0,0,0,0,0,0,5,0,ž,+44,,
5101,Non-carcase meat and meat products,All offal other than liver,,,g,4,6,2,5,6,2,0,1,1,1,2,6,ž,+493,,
55,Non-carcase meat and meat products,"Bacon and ham, uncooked",,,g,82,76,80,89,95,67,61,83,67,84,89,80,,+20,,
5502,Non-carcase meat and meat products,"Bacon and ham, uncooked","Bacon and ham joints, uncooked",,g,30,22,30,38,34,16,19,29,21,34,41,35,,+68,,k
5505,Non-carcase meat and meat products,"Bacon and ham, uncooked","Bacon and ham rashers, uncooked",,g,51,54,50,51,61,51,42,54,46,51,48,45,Ÿ,-2,,
5801,Non-carcase meat and meat products,"Bacon and ham, cooked",,,g,60,45,54,52,53,48,47,52,49,45,55,46,Ÿ,-6,,
59,Non-carcase meat and meat products,Cooked poultry not purchased in cans,,,g,60,48,51,63,53,51,48,61,47,32,53,46,,-3,,
5903,Non-carcase meat and meat products,Cooked poultry not purchased in cans,"Chicken and turkey, cooked",,g,56,45,45,60,51,47,44,59,42,27,48,38,,-9,,
5904,Non-carcase meat and meat products,Cooked poultry not purchased in cans,Takeaway chicken,,g,4,3,7,4,2,4,4,2,5,5,5,8,ž,+55,,
6201,Non-carcase meat and meat products,"Corned beef, canned or sliced",,,g,14,17,13,20,20,15,17,12,20,13,12,12,,-39,,
6601,Non-carcase meat and meat products,Other cooked meat,,,g,17,9,10,13,11,12,15,12,16,14,14,19,,+16,,
7102,Non-carcase meat and meat products,Other canned meat and canned meat products,,,g,52,56,53,58,54,37,32,32,36,46,44,24,,-34,,
7401,Non-carcase meat and meat products,"Chicken, uncooked - whole chicken or chicken pieces",,,g,207,151,163,176,184,173,200,211,160,184,234,202,,+26,,k
77,Non-carcase meat and meat products,"Other poultry, uncooked (including frozen)",,,g,25,27,33,26,42,25,39,38,23,19,9,25,ž,+9,,
7703,Non-carcase meat and meat products,"Other poultry, uncooked (including frozen)","Turkey, uncooked - whole turkey or turkey pieces",,g,25,23,30,23,34,23,37,20,23,16,6,21,ž,-10,,
7704,Non-carcase meat and meat products,"Other poultry, uncooked (including frozen)","Poultry other than chicken or turkey, uncooked",,g,0,5,4,3,8,3,2,18,0,2,3,5,ž,"+1,659",,
7801,Non-carcase meat and meat products,"Other fresh, chilled and frozen meat",,,g,1,0,1,0,1,0,3,3,2,1,0,0,ž,-86,,
7901,Non-carcase meat and meat products,"Sausages, uncooked - pork",,,g,49,64,61,55,57,58,61,64,61,55,68,65,,+6,,
8001,Non-carcase meat and meat products,"Sausages, uncooked - beef and other sausages",,,g,18,5,7,3,8,5,6,0,4,5,4,4,ž,+10,,
83,Non-carcase meat and meat products,"Meat pies and sausage rolls, ready to eat",,,g,66,55,34,36,19,22,29,36,28,22,41,19,,-32,,
8302,Non-carcase meat and meat products,"Meat pies and sausage rolls, ready to eat","Meat pies, ready to eat",,g,54,47,25,22,12,10,12,18,15,10,19,10,,-37,,
8303,Non-carcase meat and meat products,"Meat pies and sausage rolls, ready to eat","Sausage rolls, ready to eat",,g,12,8,10,14,7,13,17,18,13,12,22,10,ž,-27,,
8401,Non-carcase meat and meat products,"Meat pies, pasties and puddings, frozen or not frozen",,,g,43,33,41,45,64,53,54,53,62,56,93,52,,-17,,
8501,Non-carcase meat and meat products,"Burgers, frozen or not frozen",,,g,28,25,26,21,23,23,25,19,22,19,28,26,,+17,,
89,Non-carcase meat and meat products,Ready meals and convenience meat products,,,g,166,161,187,171,170,146,180,157,190,190,197,186,Ÿ,-2,,
8901,Non-carcase meat and meat products,Ready meals and convenience meat products,"Complete meat-based ready meals, frozen or not frozen",,g,100,100,120,113,106,90,108,92,115,105,116,98,,-15,,
8902,Non-carcase meat and meat products,Ready meals and convenience meat products,"Other convenience meat products, frozen or not frozen",,g,66,61,67,59,64,56,72,64,75,85,81,88,,+17,,
93,Non-carcase meat and meat products,Pate and delicatessen type sausage,,,g,14,9,11,11,13,12,15,16,14,16,12,13,,-3,,
9301,Non-carcase meat and meat products,Pate and delicatessen type sausage,Pate,,g,3,2,2,5,3,2,3,5,4,3,4,5,,+28,,
9302,Non-carcase meat and meat products,Pate and delicatessen type sausage,Delicatessen type sausages,,g,11,7,9,6,10,10,11,10,10,13,8,9,ž,-14,,
9403,Non-carcase meat and meat products,Meat pastes and spreads,,,g,2,1,1,2,1,1,2,1,1,1,1,0,ž,-63,,
95,Non-carcase meat and meat products,Takeaway meats,,,g,83,57,65,55,62,66,63,46,69,58,62,56,,-19,,
9501,Non-carcase meat and meat products,Takeaway meats,Takeaway meat pies and pasties,,g,7,5,3,6,2,2,2,3,3,2,2,6,ž,+91,,
9502,Non-carcase meat and meat products,Takeaway meats,Takeaway burger and bun,,g,9,4,6,4,5,4,4,1,7,6,4,4,ž,-40,,
9503,Non-carcase meat and meat products,Takeaway meats,Takeaway kebabs,,g,8,8,9,6,5,8,9,4,8,8,10,6,ž,-30,,
9504,Non-carcase meat and meat products,Takeaway meats,Takeaway sausages and saveloys,,g,3,4,3,3,3,2,3,4,3,3,4,2,ž,-31,,
9505,Non-carcase meat and meat products,Takeaway meats,Takeaway meat based meals,,g,55,36,43,36,46,49,45,33,47,39,43,38,,-20,,
9506,Non-carcase meat and meat products,Takeaway meats,Takeaway miscellaneous meats,,g,0,0,0,1,0,0,0,0,0,0,0,0,ž,-49,,
100123,Fish, ,,,g,173,149,142,150,147,134,149,172,154,157,143,143,Ÿ,-7,,
102,Fish,"White fish, fresh, chilled or frozen",,,g,40,39,25,25,20,18,24,34,18,17,16,20,,+14,,
10201,Fish,"White fish, fresh, chilled or frozen","White fish, fresh or chilled",,g,21,19,15,13,12,11,17,23,11,13,11,14,ž,+32,,
10202,Fish,"White fish, fresh, chilled or frozen","White fish, frozen",,g,18,20,10,13,8,7,6,11,7,4,6,6,ž,-14,,
106,Fish,"Herrings and other blue fish, fresh, chilled or frozen",,,g,10,1,11,2,7,5,10,10,8,10,3,3,ž,-63,,m
10601,Fish,"Herrings and other blue fish, fresh, chilled or frozen","Herrings and other blue fish, fresh or chilled",,g,10,1,11,2,7,4,10,9,7,9,2,3,ž,-59,,
10602,Fish,"Herrings and other blue fish, fresh, chilled or frozen","Herrings and other blue fish, frozen",,g,1,0,0,0,0,0,0,2,1,1,1,0,ž,-100,,
107,Fish,"Salmon, fresh, chilled or frozen",,,g,9,8,7,15,8,8,9,5,11,6,7,11,ž,+6,,
10701,Fish,"Salmon, fresh, chilled or frozen","Salmon, fresh or chilled",,g,8,8,7,14,7,8,9,4,8,4,5,10,ž,+34,,
10702,Fish,"Salmon, fresh, chilled or frozen","Salmon, frozen",,g,1,1,1,1,2,0,0,1,3,2,2,1,ž,-73,,
10801,Fish,"Blue fish, dried or salted or smoked",,,g,5,7,5,3,5,4,6,6,4,7,5,6,ž,+35,,
11401,Fish,"White fish, dried, salted or smoked",,,g,2,4,3,4,3,1,5,7,3,2,2,1,ž,-63,,
117,Fish,Shellfish,,,g,10,9,6,7,9,11,8,13,9,11,11,9,ž,+2,,
11702,Fish,Shellfish,"Shellfish, fresh or chilled",,g,3,3,5,5,4,3,4,6,5,4,5,5,ž,-5,,
11703,Fish,Shellfish,"Shellfish, frozen",,g,7,6,2,2,5,8,4,7,3,6,6,4,ž,+14,,
11801,Fish,Takeaway fish,,,g,11,6,7,11,7,7,5,6,7,7,9,7,ž,+5,,
11901,Fish,"Salmon, tinned",,,g,12,9,8,9,5,6,6,9,7,8,4,3,ž,-61,yes,m
12001,Fish,Other tinned or bottled fish,,,g,34,34,27,32,37,27,31,28,25,31,29,23,,-8,,
12103,Fish,Ready meals and other fish products - frozen or not frozen,,,g,39,28,40,40,44,46,43,51,61,56,56,58,Ÿ,-4,,
123,Fish,Takeaway fish meals and fish products,,,g,1,3,1,1,1,1,2,1,2,2,1,1,ž,-34,,
12304,Fish,Takeaway fish meals and fish products,Takeaway fish products,,g,0,0,0,0,1,0,1,1,1,1,1,0,ž,-85,,
12305,Fish,Takeaway fish meals and fish products,Takeaway fish based meals,,g,1,2,1,1,1,1,2,0,1,2,1,1,ž,+23,,
12901,Eggs, ,,,no.,2,2,2,1,1,1,2,2,2,2,2,2,Ÿ,-3,,
135148,Fats, ,,,g,234,198,215,189,193,166,181,194,190,192,211,169,Ÿ,-11,,
13501,Fats,Butter,,,g,48,44,34,42,33,34,41,41,42,38,43,36,,-15,,
138,Fats,Margarine,,,g,12,7,10,10,28,20,19,32,38,33,44,28,,-27,,
13801,Fats,Margarine,Soft margarine,,g,12,6,10,6,25,18,17,25,34,31,41,23,ž,-32,,
13802,Fats,Margarine,Other margarine,,g,0,1,0,4,3,2,2,7,4,1,3,4,ž,+26,,
13901,Fats,"Lard, cooking fat",,,g,9,7,6,4,6,4,1,5,5,5,5,4,ž,-11,,
143,Fats,Vegetable and salad oils,,,ml,65,53,67,46,57,46,54,52,50,57,57,46,,-8,,
14304,Fats,Vegetable and salad oils,Olive oil,,ml,5,5,10,9,9,10,11,18,11,11,11,9,ž,-18,,
14305,Fats,Vegetable and salad oils,Other vegetable and salad oils,,ml,60,48,56,38,48,35,43,35,40,46,46,38,,-5,,
148,Fats,All other fats,,,g,99,87,98,87,70,63,66,63,55,59,62,54,,-1,,
14802,Fats,All other fats,Reduced fat spreads,,g,74,66,75,47,48,44,48,48,41,48,38,31,,-23,,
14803,Fats,All other fats,Low fat spreads,,g,16,14,14,29,17,13,12,10,9,7,14,12,ž,+39,,
14805,Fats,All other fats,Suet and dripping,,g,2,1,1,3,1,0,0,0,1,0,4,3,ž,+87,,
14807,Fats,All other fats,Imitatation cream,,g,6,5,8,7,4,5,5,5,4,4,6,8,ž,+107,,
150154,Sugar and preserves, ,,,g,173,164,146,165,148,115,121,132,143,165,175,113,,-21,,
15001,Sugar and preserves,Sugar,,,g,131,127,115,123,103,87,86,94,105,132,132,82,,-22,,
15101,Sugar and preserves,Jams and fruit curds,,,g,17,20,13,21,19,13,15,15,17,17,24,12,ž,-26,,
15201,Sugar and preserves,Marmalade,,,g,17,11,12,12,13,7,9,9,10,7,9,8,ž,-23,,
15301,Sugar and preserves,"Syrup, treacle",,,g,3,2,1,3,4,2,4,3,5,4,6,4,ž,-21,,
15401,Sugar and preserves,Honey,,,g,7,4,4,6,9,7,7,11,7,5,3,7,ž,+10,,
,"Fresh and processed fruit and vegetables, including potatoes", ,,,g,"3,301","3,098","3,049","3,100","3,369","3,097","3,208","3,582","3,000","3,006","3,091","2,851",ŸŸ,-5,,
cat730,"Fresh and processed vegetables, including potatoes", ,,,g,"2,283","2,072","1,997","2,016","2,166","1,926","2,005","2,222","1,929","1,848","2,101","1,902",Ÿ,-1,,
cat701,Fresh and processed potatoes, ,,,g,"1,182","1,001",971,921,"1,039",894,780,887,854,700,903,801,Ÿ,-6,,
155155,Fresh and processed potatoes,Fresh potatoes,,,g,863,710,686,640,718,614,499,674,579,444,580,561,Ÿ,-3,,
15505,Fresh and processed potatoes,Fresh potatoes,Fresh new potatoes (f),,g,,,,133,138,112,96,146,97,76,109,76,ž,-22,,
15506,Fresh and processed potatoes,Fresh potatoes,Fresh baking potatoes (f),,g,,,,69,49,49,46,58,55,65,59,39,,-28,,
15504,Fresh and processed potatoes,Fresh potatoes,Other fresh potatoes (f),,g,,,,437,531,453,357,470,427,303,412,446,Ÿ,+4,,
cat710,Fresh and processed potatoes,Processed potatoes,,,g,319,290,285,281,321,280,281,213,275,255,324,241,Ÿ,-13,,
197,Fresh and processed potatoes,Processed potatoes,Chips and takeaway chips,,g,189,161,170,148,184,168,158,105,163,141,208,134,Ÿ,-18,,
19702,Fresh and processed potatoes,Processed potatoes,,Chips - frozen or not frozen,g,127,118,122,102,141,125,115,74,120,104,167,103,,-14,,
19703,Fresh and processed potatoes,Processed potatoes,,Takeaway chips,g,62,42,49,46,43,43,43,30,43,37,41,31,,-27,,
19801,Fresh and processed potatoes,Processed potatoes,Instant potato,,g,3,2,1,3,2,1,2,3,2,0,2,1,ž,-77,,
19901,Fresh and processed potatoes,Processed potatoes,Canned potatoes,,g,9,9,8,7,4,2,3,3,1,4,9,4,ž,+183,,
20002,Fresh and processed potatoes,Processed potatoes,Crisps and potato snacks,,g,69,61,58,75,65,62,65,61,57,61,62,55,Ÿ,-5,,
20101,Fresh and processed potatoes,Processed potatoes,"Other potato products, frozen or not frozen",,g,50,58,48,48,66,47,53,42,51,48,42,47,,-7,,
cat811,"Fresh and processed fruit and vegetables, excluding potatoes", ,,,g,"2,119","2,098","2,078","2,179","2,330","2,203","2,427","2,695","2,146","2,306","2,188","2,049",Ÿ,-5,,
cat720,"Fresh and processed vegetables, excluding potatoes", ,,,g,"1,101","1,071","1,025","1,095","1,127","1,032","1,225","1,335","1,075","1,148","1,198","1,101",Ÿ,+2,,
162171,"Fresh and processed vegetables, excluding potatoes",Fresh green vegetables,,,g,235,232,210,221,229,198,245,287,203,209,233,199,Ÿ,-2,,
16201,"Fresh and processed vegetables, excluding potatoes",Fresh green vegetables,Fresh cabbages,,g,53,50,44,35,51,34,55,65,46,36,62,29,,-37,yes,
16301,"Fresh and processed vegetables, excluding potatoes",Fresh green vegetables,Fresh brussels sprouts,,g,12,14,11,14,11,15,18,16,14,16,8,11,ž,-20,,
16401,"Fresh and processed vegetables, excluding potatoes",Fresh green vegetables,Fresh cauliflower,,g,69,78,64,75,77,60,79,86,63,69,58,74,,+17,,
167,"Fresh and processed vegetables, excluding potatoes",Fresh green vegetables,Leafy salads fresh,,g,63,50,55,58,59,55,60,66,52,51,58,50,Ÿ,-5,,
16701,"Fresh and processed vegetables, excluding potatoes",Fresh green vegetables,,Lettuce and leafy salads,g,63,35,40,42,45,40,41,50,36,35,38,35,,-5,,
16702,"Fresh and processed vegetables, excluding potatoes",Fresh green vegetables,,Prepared lettuce salads,g,,15,15,16,14,15,19,16,16,16,20,15,,-5,,
16801,"Fresh and processed vegetables, excluding potatoes",Fresh green vegetables,Fresh peas,,g,6,4,6,3,7,10,8,8,3,4,6,5,ž,+63,,
16901,"Fresh and processed vegetables, excluding potatoes",Fresh green vegetables,Fresh beans,,g,30,34,29,31,21,20,18,42,22,29,38,26,ž,+16,,
17101,"Fresh and processed vegetables, excluding potatoes",Fresh green vegetables,Other fresh green vegetables,,g,1,3,2,5,3,4,6,3,3,5,5,4,ž,+52,,
172183,"Fresh and processed vegetables, excluding potatoes",Other fresh vegetables,,,g,479,485,478,503,517,490,592,658,514,552,561,554,Ÿ,+8,,
17201,"Fresh and processed vegetables, excluding potatoes",Other fresh vegetables,Fresh carrots,,g,104,114,102,110,122,113,120,148,107,107,124,108,Ÿ,+1,,
17301,"Fresh and processed vegetables, excluding potatoes",Other fresh vegetables,Fresh turnips and swede,,g,33,40,35,40,38,32,29,41,36,18,31,38,ž,+5,,
17401,"Fresh and processed vegetables, excluding potatoes",Other fresh vegetables,Other fresh root vegetables,,g,29,30,26,36,32,38,48,52,43,43,49,57,ž,+32,,
17501,"Fresh and processed vegetables, excluding potatoes",Other fresh vegetables,"Fresh onions, leeks and shallots",,g,97,95,96,87,97,84,110,121,94,117,109,105,,+12,,
17601,"Fresh and processed vegetables, excluding potatoes",Other fresh vegetables,Fresh cucumbers,,g,31,30,36,37,35,36,41,41,34,37,38,44,,+29,,
17701,"Fresh and processed vegetables, excluding potatoes",Other fresh vegetables,Fresh mushrooms,,g,39,33,32,37,34,36,34,41,34,37,39,32,Ÿ,-7,,
17801,"Fresh and processed vegetables, excluding potatoes",Other fresh vegetables,Fresh tomatoes,,g,85,86,84,88,81,81,84,98,83,90,77,79,Ÿ,-5,,
183,"Fresh and processed vegetables, excluding potatoes",Other fresh vegetables,Miscellaneous fresh vegtables,,g,60,58,67,68,78,69,125,115,83,104,94,91,,+9,,
18301,"Fresh and processed vegetables, excluding potatoes",Other fresh vegetables,,"Fresh vegetable stewpack, stirfry pack etc.",g,15,14,17,19,23,21,55,34,29,38,21,30,,+0,,
18302,"Fresh and processed vegetables, excluding potatoes",Other fresh vegetables,,Fresh stem vegetables,g,15,17,17,16,20,16,22,24,18,19,21,18,,+2,,
18303,"Fresh and processed vegetables, excluding potatoes",Other fresh vegetables,,"Fresh marrow, courgettes, aubergine, pumpkin and other vegetables",g,25,23,31,30,32,30,42,53,34,40,48,40,,+17,,
18304,"Fresh and processed vegetables, excluding potatoes",Other fresh vegetables,,Fresh herbs,g,5,3,2,3,2,2,6,4,2,7,4,4,ž,+62,,
cat702,"Fresh and processed vegetables, excluding potatoes",Processed vegetables excluding processed potatoes,,,g,387,354,337,371,382,344,388,390,357,387,403,349,Ÿ,-2,,
18401,"Fresh and processed vegetables, excluding potatoes",Processed vegetables excluding processed potatoes,"Tomatoes, canned or bottled",,g,47,36,38,49,45,38,43,67,45,61,58,39,,-13,,
18501,"Fresh and processed vegetables, excluding potatoes",Processed vegetables excluding processed potatoes,"Peas, canned",,g,43,39,28,33,35,39,33,18,22,17,31,31,ž,+43,,
188,"Fresh and processed vegetables, excluding potatoes",Processed vegetables excluding processed potatoes,Beans canned,,g,125,115,99,104,116,104,109,137,116,124,128,119,,+3,,
18802,"Fresh and processed vegetables, excluding potatoes",Processed vegetables excluding processed potatoes,,Baked beans in sauce,g,115,106,91,96,104,92,100,120,103,106,115,105,,+2,,
18803,"Fresh and processed vegetables, excluding potatoes",Processed vegetables excluding processed potatoes,,Other canned beans and pulses,g,10,9,8,8,12,12,9,17,13,18,14,14,ž,+7,,
19101,"Fresh and processed vegetables, excluding potatoes",Processed vegetables excluding processed potatoes,Other canned vegetables,,g,27,19,25,27,21,25,27,22,20,15,22,15,ž,-25,,
19201,"Fresh and processed vegetables, excluding potatoes",Processed vegetables excluding processed potatoes,Dried pulses other than air-dried,,g,3,4,6,3,4,2,10,5,6,7,6,5,ž,-21,,
19501,"Fresh and processed vegetables, excluding potatoes",Processed vegetables excluding processed potatoes,Air-dried vegetables,,g,0,1,0,0,1,0,0,0,0,0,0,0,ž, ,,
196,"Fresh and processed vegetables, excluding potatoes",Processed vegetables excluding processed potatoes,Vegetable juices and purees,,ml,9,7,5,8,3,3,5,8,9,4,9,4,ž,-53,,
19602,"Fresh and processed vegetables, excluding potatoes",Processed vegetables excluding processed potatoes,,Tomato puree and vegetable purees,ml,5,2,3,3,1,2,4,1,3,2,4,2,ž,-19,,
19603,"Fresh and processed vegetables, excluding potatoes",Processed vegetables excluding processed potatoes,,"Vegetable juices eg tomato juice, carrot juice",ml,4,5,2,4,2,1,2,7,7,2,4,2,ž,-68,,
20301,"Fresh and processed vegetables, excluding potatoes",Processed vegetables excluding processed potatoes,"Peas, frozen",,g,37,40,38,41,37,33,39,50,34,33,42,31,,-10,,
20401,"Fresh and processed vegetables, excluding potatoes",Processed vegetables excluding processed potatoes,"Beans, frozen",,g,8,6,4,7,8,6,11,4,8,3,3,8,ž,-3,,
206,"Fresh and processed vegetables, excluding potatoes",Processed vegetables excluding processed potatoes,Ready meals and other vegetable products (inc takeaways),,g,49,52,55,59,66,55,60,55,60,75,63,61,,+2,,
20601,"Fresh and processed vegetables, excluding potatoes",Processed vegetables excluding processed potatoes,,"Ready meals and other vegetable products, frozen or not frozen",g,41,47,49,50,57,50,49,48,53,68,55,55,,+4,,
20604,"Fresh and processed vegetables, excluding potatoes",Processed vegetables excluding processed potatoes,,All vegetable takeaway products,g,8,5,6,9,9,5,10,7,6,7,8,6,ž,-11,,
20801,"Fresh and processed vegetables, excluding potatoes",Processed vegetables excluding processed potatoes,Other frozen vegetables,,g,38,34,38,41,47,38,50,22,39,48,41,36,ž,-6,,
cat810,Fresh and processed fruit, ,,,g,"1,018","1,026","1,053","1,084","1,203","1,171","1,203","1,360","1,071","1,158",990,949,Ÿ,-11,,m
210231,Fresh and processed fruit,Fresh fruit,,,g,683,710,698,790,816,772,798,959,748,759,691,654,Ÿ,-13,,
21001,Fresh and processed fruit,Fresh fruit,Fresh oranges,,g,52,50,53,61,66,54,49,67,47,45,40,50,ž,+6,,
21401,Fresh and processed fruit,Fresh fruit,Other fresh citrus fruits,,g,72,83,66,77,77,78,67,92,68,64,65,64,,-5,,
21701,Fresh and processed fruit,Fresh fruit,Fresh apples,,g,173,160,167,180,176,186,158,217,154,157,143,111,Ÿ,-28,yes,m
21801,Fresh and processed fruit,Fresh fruit,Fresh pears,,g,41,41,46,56,49,57,34,53,48,46,48,36,,-26,,
22101,Fresh and processed fruit,Fresh fruit,Fresh stone fruit,,g,54,57,56,74,65,55,65,61,66,42,48,38,,-42,yes,m
22201,Fresh and processed fruit,Fresh fruit,Fresh grapes,,g,47,48,49,49,59,54,54,77,53,60,48,45,,-15,,
22701,Fresh and processed fruit,Fresh fruit,Other fresh soft fruit,,g,17,24,27,29,32,35,50,62,44,46,53,45,,+3,,
22801,Fresh and processed fruit,Fresh fruit,Fresh bananas,,g,174,203,194,213,240,185,235,256,219,222,191,194,Ÿ,-11,,
22901,Fresh and processed fruit,Fresh fruit,Fresh melons,,g,27,23,24,34,31,33,41,30,25,24,21,26,ž,+5,,
23101,Fresh and processed fruit,Fresh fruit,Other fresh fruit,,g,26,19,15,17,20,36,44,44,27,51,34,46,,+73,,
233248,Fresh and processed fruit,Processed fruit and fruit products,,,g,335,317,354,294,387,399,405,401,322,399,299,294,Ÿ,-9,,
23301,Fresh and processed fruit,Processed fruit and fruit products,"Tinned peaches, pears and pineapples",,g,21,20,19,13,17,18,15,14,19,21,17,14,ž,-26,,
23601,Fresh and processed fruit,Processed fruit and fruit products,All other tinned or bottled fruit,,g,18,28,17,21,31,20,20,21,15,19,11,12,ž,-19,,
24001,Fresh and processed fruit,Processed fruit and fruit products,Dried fruit,,g,26,18,19,14,20,23,23,22,20,21,13,15,,-24,,
24101,Fresh and processed fruit,Processed fruit and fruit products,"Frozen strawberries, apple slices, peach halves, oranges and other frozen fruits",,g,2,1,1,1,2,1,1,4,1,2,1,1,ž,+1,,
245,Fresh and processed fruit,Processed fruit and fruit products,"Nuts, edible seeds and peanut butter",,g,17,18,21,20,21,29,30,29,23,31,25,22,,-1,,
24502,Fresh and processed fruit,Processed fruit and fruit products,,Nuts and edible seeds,g,15,16,19,19,18,26,26,26,21,27,21,21,,-3,,
24503,Fresh and processed fruit,Processed fruit and fruit products,,Peanut butter,g,2,2,2,2,2,3,4,3,1,4,5,2,ž,+42,,
24801,Fresh and processed fruit,Processed fruit and fruit products,Pure fruit juices (g),,ml,251,232,278,226,297,308,317,311,245,306,231,229,,-6,,
251263,Bread, ,,,g,848,821,765,772,742,683,696,706,692,667,669,596,ŸŸ,-14,yes,m
cat850,Bread,White bread,,,g,547,555,476,457,394,375,350,335,355,316,338,277,Ÿ,-22,yes,m
25102,Bread,White bread,"White bread, standard, unsliced",,g,99,69,58,86,58,52,43,56,43,52,34,26,,-41,,m
25202,Bread,White bread,"White bread, standard, sliced",,g,414,467,409,345,320,316,302,276,308,262,303,249,Ÿ,-19,yes,
25701,Bread,White bread,"White bread, premium, sliced and unsliced",,g,32,13,6,24,6,4,3,2,2,2,1,2,ž,-3,,
25801,Bread,White bread,"White bread, soft grain, sliced and unsliced",,g,3,6,3,2,11,3,3,2,2,0,1,0,ž,-83,,
cat851,Bread,Brown and wholemeal bread,,,g,140,143,143,165,194,151,161,192,181,193,158,141,Ÿ,-22,,m
25901,Bread,Brown and wholemeal bread,"Brown bread, sliced and unsliced",,g,33,49,39,53,46,32,28,48,41,32,46,31,,-24,,
26001,Bread,Brown and wholemeal bread,"Wholemeal and granary bread, sliced and unsliced",,g,107,94,105,111,148,120,133,144,140,161,112,110,,-21,,m
263,Bread,Total other bread,,,g,162,124,146,150,153,157,185,180,156,157,173,178,Ÿ,+14,,
26302,Bread,Total other bread,"Rolls - white, brown or wholemeal",,g,85,53,67,56,59,63,68,65,53,57,67,58,,+10,,
26303,Bread,Total other bread,Malt bread and fruit loaves,,g,5,7,7,7,6,7,5,10,10,8,7,8,ž,-23,,
26304,Bread,Total other bread,Vienna and french bread,,g,29,22,18,31,24,25,20,25,20,22,23,33,,+66,yes,
26305,Bread,Total other bread,Starch reduced bread and rolls,,g,12,13,10,14,13,10,12,7,10,6,6,6,ž,-36,,
26308,Bread,Total other bread,Other breads,,g,19,21,35,31,38,39,67,56,49,47,50,58,,+20,,
26309,Bread,Total other bread,Sandwiches,,g,7,6,6,7,10,8,10,12,11,8,15,9,ž,-12,,
26310,Bread,Total other bread,Sandwiches from takeaway,,g,3,1,2,3,2,3,1,3,1,6,4,3,ž,+113,,
26311,Bread,Total other bread,Takeaway breads,,g,2,1,1,1,2,1,2,1,2,2,1,2,ž,+0,,
26401,Flour, ,,,g,51,47,39,50,49,37,63,48,38,46,73,44,ž,+14,,
267270,"Cakes, buns and pastries", ,,,g,158,154,152,162,157,144,157,171,183,149,143,153,Ÿ,-16,,
270,"Cakes, buns and pastries",Cakes and pastries,,,g,127,123,117,117,124,111,116,131,129,99,95,116,Ÿ,-10,,
27001,"Cakes, buns and pastries",Cakes and pastries,"Cakes and pastries, not frozen",,g,126,123,116,116,123,111,115,131,128,99,94,115,Ÿ,-10,,
27002,"Cakes, buns and pastries",Cakes and pastries,Takeaway pastries,,g,0,1,1,1,0,1,1,0,1,0,0,2,ž,+25,,
26701,"Cakes, buns and pastries","Buns, scones and teacakes",,,g,32,30,34,45,33,32,40,40,54,50,48,37,,-31,,
271277,Biscuits and crispbreads, ,,,g,187,167,165,171,170,166,175,206,175,163,160,151,Ÿ,-14,,
27702,Biscuits and crispbreads,Chocolate biscuits,,,g,80,64,63,65,58,60,56,63,60,59,53,58,Ÿ,-4,,
274,Biscuits and crispbreads,Biscuits other than chocolate,,,g,102,98,98,100,104,98,114,137,107,97,101,88,Ÿ,-18,,
27402,Biscuits and crispbreads,Biscuits other than chocolate,Sweet biscuits (not chocolate) and cereal bars,,g,89,86,85,90,88,86,103,124,94,86,89,76,Ÿ,-20,,
27403,Biscuits and crispbreads,Biscuits other than chocolate,Cream crackers and other unsweetened biscuits,,g,13,12,13,10,16,12,11,13,13,11,12,12,,-8,,
27101,Biscuits and crispbreads,Crispbread,,,g,5,5,5,6,8,8,5,6,8,7,6,6,,-26,,
281301,Other cereals and cereal products, ,,,g,472,432,439,452,496,481,573,525,512,564,514,503,Ÿ,-2,,
28101,Other cereals and cereal products,Oatmeal and oat products,,,g,6,8,11,12,13,11,17,17,13,21,17,20,ž,+55,,
282,Other cereals and cereal products,Breakfast cereals,,,g,127,135,126,130,147,139,141,151,139,141,116,109,Ÿ,-22,yes,m
28202,Other cereals and cereal products,Breakfast cereals,Muesli,,g,11,19,16,11,19,15,19,26,10,15,20,16,ž,+54,,
28203,Other cereals and cereal products,Breakfast cereals,High fibre breakfast cereals,,g,50,60,49,56,65,59,60,67,57,58,43,40,,-30,yes,m
28204,Other cereals and cereal products,Breakfast cereals,Sweetened breakfast cereals,,g,34,29,32,33,36,34,33,32,41,40,21,23,,-44,yes,m
28205,Other cereals and cereal products,Breakfast cereals,Other breakfast cereals,,g,31,28,29,30,27,30,28,26,31,28,32,31,,-1,,
285,Other cereals and cereal products,Canned milk puddings,,,g,27,28,18,30,28,27,39,22,28,41,32,25,ž,-8,,
28502,Other cereals and cereal products,Canned milk puddings,Canned or fresh carton custard,,g,12,14,8,11,13,12,25,14,14,18,16,13,ž,-5,,
28503,Other cereals and cereal products,Canned milk puddings,All canned milk puddings,,g,15,14,11,19,15,14,14,8,14,23,16,12,ž,-11,,
28601,Other cereals and cereal products,Puddings,,,g,9,9,6,11,10,6,19,8,12,11,9,9,ž,-26,,
287,Other cereals and cereal products,Rice,,,g,58,46,59,62,65,74,81,61,62,93,91,76,,+22,,
28702,Other cereals and cereal products,Rice,Dried rice,,g,25,23,37,33,32,39,53,36,27,51,55,31,ž,+15,,
28703,Other cereals and cereal products,Rice,Cooked rice,,g,5,5,4,8,9,7,5,13,12,19,13,21,ž,+72,,
28704,Other cereals and cereal products,Rice,Takeaway rice,,g,28,19,18,21,23,28,23,12,23,23,23,24,ž,+3,,
29001,Other cereals and cereal products,"Invalid foods, slimming foods and sports foods",,,g,1,4,6,1,3,4,1,3,13,1,3,6,ž,-53,,
29101,Other cereals and cereal products,Infant cereal foods,,,g,1,1,2,1,1,0,1,2,1,2,1,1,ž,+25,,
29402,Other cereals and cereal products,Cakes and pastries - frozen,,,g,11,7,14,15,10,6,12,7,12,3,6,19,ž,+55,,
295,Other cereals and cereal products,Pasta,,,g,96,77,74,69,81,85,93,104,80,91,92,95,,+19,,
29501,Other cereals and cereal products,Pasta,Canned pasta,,g,42,28,27,26,32,33,25,29,33,28,27,34,,+3,,
29502,Other cereals and cereal products,Pasta,Dried and fresh pasta,,g,52,48,47,42,47,51,67,74,46,62,63,60,,+30,,
29503,Other cereals and cereal products,Pasta,Takeaway pasta and noodles,,g,2,1,0,0,2,2,1,0,1,2,1,1,ž,+35,,
296,Other cereals and cereal products,Pizza,,,g,64,47,65,57,68,69,90,58,77,80,65,73,,-5,,
29601,Other cereals and cereal products,Pizza,"Pizzas, frozen and not frozen",,g,50,39,52,43,53,52,70,51,64,58,50,49,,-22,,
29602,Other cereals and cereal products,Pizza,Takeaway pizza,,g,14,8,13,14,15,16,20,7,13,21,14,23,ž,+81,,
299,Other cereals and cereal products,Other cereal convenience foods,,,g,69,66,56,60,69,58,72,83,70,75,80,63,,-10,,
29907,Other cereals and cereal products,Other cereal convenience foods,"Cake, pudding and dessert mixes",,g,11,10,4,5,5,6,5,9,5,5,7,11,ž,+114,yes,k
29909,Other cereals and cereal products,Other cereal convenience foods,Cereal snacks,,g,19,22,17,16,14,17,17,18,17,21,18,16,,-6,,
29915,Other cereals and cereal products,Other cereal convenience foods,"Quiches and flans, frozen and not frozen",,g,9,9,8,8,9,6,9,12,10,8,7,5,ž,-48,,
29916,Other cereals and cereal products,Other cereal convenience foods,"Takeaway crisps, savoury snacks, popcorn, popadums, prawn crackers",,g,2,2,1,1,1,1,1,1,1,1,1,0,ž,-42,,
29919,Other cereals and cereal products,Other cereal convenience foods,"Other cereal foods, frozen and not frozen",,g,28,24,26,30,39,27,41,44,37,41,47,30,,-18,,
30101,Other cereals and cereal products,Other cereals,,,g,4,4,2,3,2,3,7,9,5,6,4,5,ž,+8,,
304313,Beverages, ,,,g,65,58,46,50,68,57,60,56,60,52,77,49,Ÿ,-18,,
30401,Beverages,Tea,,,g,39,38,28,33,43,36,34,33,36,27,43,25,,-31,yes,
30701,Beverages,Coffee beans and ground coffee,,,g,5,3,2,3,3,2,1,3,3,3,4,5,ž,+108,,
30801,Beverages,Instant coffee,,,g,15,10,11,10,14,12,14,13,17,11,19,14,,-17,,
30901,Beverages,Coffee essences,,,ml,0,0,0,1,0,0,1,0,0,0,0,0,ž, , ,
31001,Beverages,Tea and coffee from takeaway,,,ml,0,0,0,0,0,0,0,0,1,1,0,0,ž,-52,,
31201,Beverages,Cocoa and chocolate drinks,,,g,5,4,3,2,4,4,6,3,3,6,6,5,ž,+82,,
31301,Beverages,Malt drinks and chocolate versions of malted drinks,,,g,2,3,2,1,4,2,4,4,2,5,5,1,ž,-72,,
314339,Other food and drink, ,,,g,594,690,664,723,611,713,620,651,643,668,689,693,Ÿ,+8,,
31401,Other food and drink,Mineral or spring waters,,,ml,138,232,176,290,161,245,136,176,138,176,229,215,,+56,,
31501,Other food and drink,Baby foods,,,g,2,15,11,6,6,10,11,10,15,11,9,13,ž,-14,,
31801,Other food and drink,Soups - canned or cartons,,,g,74,81,70,66,74,49,75,77,73,78,61,82,,+11,,
31901,Other food and drink,Soups - dehydrated or powdered,,,g,3,3,2,3,3,5,5,4,4,4,7,3,ž,-5,,
32001,Other food and drink,Soups - from takeaway,,,g,0,0,0,0,0,0,0,1,1,0,0,0,ž,-100,,
323,Other food and drink,Spreads and dressings,,,g,26,30,36,36,33,33,42,44,39,34,33,44,,+12,,
32302,Other food and drink,Spreads and dressings,Salad dressings,,g,23,27,32,30,27,28,36,38,31,28,28,32,,+3,,
32303,Other food and drink,Spreads and dressings,Other spreads and dresssings,,g,3,3,4,6,6,5,6,5,8,6,5,12,ž,+51,,
327,Other food and drink,Pickles and sauces,,,g,134,122,124,123,140,135,140,131,150,147,161,130,Ÿ,-13,,
32702,Other food and drink,Pickles and sauces,Pickles,,g,24,19,14,13,9,15,14,16,12,10,17,12,ž,-4,,
32703,Other food and drink,Pickles and sauces,Sauces,,g,109,102,110,110,129,119,125,115,137,136,143,117,Ÿ,-14,,
32704,Other food and drink,Pickles and sauces,Takeaway sauces and mayonnnaise,,g,1,1,1,1,1,1,1,1,1,1,1,1,ž,-8,,
32801,Other food and drink,Stock cubes and meat and yeast extracts,,,g,5,4,4,5,3,4,3,5,4,3,3,5,,+17,,
32901,Other food and drink,Jelly squares or crystals,,,g,4,4,3,4,3,4,6,7,5,8,4,5,ž,+5,,
33203,Other food and drink,Ice cream tub or block,,,ml,117,111,145,105,111,149,108,105,110,120,110,113,,+2,,
333,Other food and drink,Ice cream products including takeaways,,,ml,72,71,65,66,55,64,73,68,86,67,54,58,,-32,,
33302,Other food and drink,Ice cream products including takeaways,"Ice cream cornets, choc-ices, lollies with ice cream",,ml,42,49,42,46,36,43,52,39,45,40,25,33,,-27,,
33303,Other food and drink,Ice cream products including takeaways,"Ice lollies, sorbet, frozen mousse, frozen yoghurt",,ml,28,21,22,19,17,20,20,27,41,26,29,24,ž,-40,,
33304,Other food and drink,Ice cream products including takeaways,"Takeaway ice cream, ice cream products, milkshakes",,ml,2,1,1,1,2,1,1,1,0,1,1,1,ž,+155,,
33901,Other food and drink,Soya and novel protein foods,,,g,8,5,8,2,7,6,12,8,7,6,7,12,ž,+58,,
33401,Other food and drink,Salt,,,g,12,13,14,17,13,8,10,15,12,14,11,15,ž,+22,,
32101,Other food and drink,Other takeaway food brought home,,,g,0,0,0,0,0,0,0,1,0,0,0,0,ž, ,,
32201,Other food and drink,Meals on wheels - items not specified,,,g,0,1,5,0,2,1,0,1,0,0,0,0,ž, , ,
340344,Soft drinks, ,,,ml,"1,929","1,767","2,281","2,087","2,156","2,025","1,729","1,935","2,008","1,654","1,951","1,511",Ÿ,-25,yes,
34001,Soft drinks,"Soft drinks, concentrated, not low calorie (h)",,,ml,578,547,809,656,803,724,547,683,647,416,468,358,,-45,yes,m
34101,Soft drinks,"Soft drinks, not concentrated,  not low calorie",,,ml,780,683,900,884,777,687,641,697,723,540,721,438,,-39,yes,
34301,Soft drinks,"Soft drinks, concentrated, low calorie (h)",,,ml,197,204,123,113,163,188,203,164,205,314,236,275,,+34,,
34401,Soft drinks,"Soft drinks, not concentrated, low calorie",,,ml,374,334,449,433,414,426,338,391,433,383,526,440,,+2,,
350355,Confectionery, ,,,g,131,142,140,172,127,116,128,162,148,142,156,119,Ÿ,-19,,
35001,Confectionery,Chocolate bars - solid,,,g,29,22,30,41,33,31,34,37,36,38,35,36,,-0,,
35101,Confectionery,Chocolate bars - filled,,,g,56,66,65,81,53,45,57,64,60,60,68,43,,-29,,
35202,Confectionery,Chewing gum,,,g,3,4,3,3,2,3,3,4,2,2,2,1,ž,-25,,
353,Confectionery,Mints and boiled sweets,,,g,41,44,38,43,36,34,32,53,45,39,47,35,,-22,,
35301,Confectionery,Mints and boiled sweets,Mints,,g,4,6,6,4,6,4,4,7,5,3,4,2,ž,-66,yes,m
35302,Confectionery,Mints and boiled sweets,Boiled sweets,,g,37,37,32,39,30,30,28,46,41,36,43,34,,-17,,
35401,Confectionery,"Fudges, toffees, caramels",,,g,3,6,4,4,3,3,2,4,4,2,4,4,ž,-8,,
35501,Confectionery,Takeaway confectionery,,,g,0,0,0,0,0,0,0,0,0,0,0,0,ž,-100,,
380389,Alcoholic drinks, ,,,ml,944,759,830,752,972,882,747,812,788,748,991,560,,-29,yes,
38102,Alcoholic drinks,Beers,,,ml,78,80,81,72,95,64,71,74,76,100,197,55,ž,-28,,
38202,Alcoholic drinks,Lagers and continental beers,,,ml,419,335,352,312,395,417,294,300,275,323,327,222,,-19,,
38302,Alcoholic drinks,Ciders and perry,,,ml,140,82,118,60,140,127,93,82,142,151,171,37,ž,-74,yes,m
384,Alcoholic drinks,Wine and champagne,,,ml,217,198,212,256,280,209,239,304,225,139,245,211,,-6,,
38402,Alcoholic drinks,Wine and champagne,"Champagne, sparkling wines and wine with mixer",,ml,5,8,5,6,8,13,5,8,9,4,11,6,ž,-34,,
38403,Alcoholic drinks,Wine and champagne,Table wine,,ml,212,190,207,251,272,196,234,296,216,135,234,205,,-5,,
38501,Alcoholic drinks,Spirits with mixer,,,ml,3,0,1,1,1,0,0,2,3,1,2,2,ž,-47,,
38601,Alcoholic drinks,Fortified wines,,,ml,20,19,11,12,13,7,8,7,8,6,4,5,ž,-39,,
38701,Alcoholic drinks,Spirits,,,ml,41,31,29,29,33,35,33,30,46,25,30,19,ž,-58,yes,m
38801,Alcoholic drinks,Liqueurs and cocktails,,,ml,3,5,5,4,4,7,5,2,8,3,5,4,ž,-50,,
38901,Alcoholic drinks,Alcopops,,,ml,22,10,21,6,12,16,3,11,5,0,11,6,ž,+38,,
